GROWTH STAGE,Week,No of Leaves (Segmentation),Biomass Perimeter,Biomass Area,Convex Area,Convexhull Area,Biomass Convexhull Perimeter,Biomass Compactness,Biomass Solidity,Biomas Convexity,Dominant Leaf Major Axis Length,Biomass Major Axis Length,Biomass Minor Axis Length,Length of Skeleton,Length of Skeleton/Perimeter
Vegetative,1,2,3386.6,360550,416150,416220,2340.9,0.031436754,0.866248619,1.446708531,720.3,720.3,699.34,736.56,0.21749247
Vegetative,1,2,3854.1,206090,322710,322710,2114.6,0.013874296,0.638622912,1.822614206,667.94,667.94,554.28,690.29,0.179105368
Vegetative,1,2,836.01,17141,22917,24122,642.7,0.024525237,0.710596136,1.300777968,299.72,299.72,89.431,278.23,0.332807024
Vegetative,1,2,968.51,18208,29751,29751,655.53,0.019411273,0.612013042,1.477445731,266.48,266.48,143.04,232.42,0.239976872
Vegetative,1,2,1307.9,33800,49410,37410,870.08,0.019759121,0.903501738,1.503195108,308.51,308.51,215.74,306.85,0.234612738
Vegetative,1,2,1204,22734,36998,41098,761.61,0.015682774,0.553165604,1.580861596,340.12,340.12,136.91,303.66,0.252209302
Vegetative,1,2,1414.6,31016,53802,39410,896.66,0.015499528,0.787008374,1.577632547,364.9,364.9,201.48,327.26,0.23134455
Vegetative,1,2,1024.6,28416,48955,49836,726.65,0.02706788,0.570190224,1.41003234,298.7,287.9,243.48,254.26,0.248155378
Vegetative,1,2,798.05,18095,26789,36699,642.7,0.028411776,0.493065206,1.241714641,301.76,301.76,78.361,235.23,0.294755968
Vegetative,1,2,878.51,17898,36751,28681,643.47,0.023190552,0.624036819,1.365269554,288.34,288.34,143.04,232.42,0.264561587
Vegetative,1,2,1307.9,33800,49410,49410,870.08,0.019759121,0.68407205,1.503195108,348.48,348.48,215.74,306.85,0.234612738
Vegetative,1,2,1793.3,42894,63618,934.37,934.37,0.013337998,45.90686773,1.919261106,298.16,298.16,263.91,297.94,0.166140635
Vegetative,1,2,1986.4,39794,65761,894.43,894.43,0.010085192,44.49090482,2.220855741,307.19,307.19,269.89,284.69,0.143319573
Vegetative,1,2,1714,18534,39018,39222,498.75,0.006308811,0.472540921,3.436591479,315.12,315.12,241.34,298.78,0.174317386
Vegetative,1,2,1356,18416,50182,41702,795.66,0.010015576,0.441609515,1.704245532,437.1,437.1,271.46,277.45,0.204609145
Vegetative,1,2,1477.8,20851,48345,40446,778.66,0.00954763,0.515526875,1.897875838,298.7,298.7,348.67,199.34,0.134889701
Vegetative,1,2,968.51,18208,29751,29751,655.53,0.019411273,0.612013042,1.477445731,266.48,266.48,143.04,232.42,0.239976872
Vegetative,1,2,1307.9,33800,49410,37410,870.08,0.019759121,0.903501738,1.503195108,308.51,308.51,215.74,306.85,0.234612738
Vegetative,1,2,1204,22734,36998,41098,761.61,0.015682774,0.553165604,1.580861596,340.12,340.12,136.91,303.66,0.252209302
Vegetative,1,2,1328.5,36416,57812,37184,786.45,0.02063332,0.979345955,1.689236442,494.8,487.3,278.84,375.33,0.282521641
Vegetative,1,2,1394.3,48561,47254,47436,718.42,0.024979007,1.023716165,1.940786726,308.1,296.9,347.84,297.62,0.21345478
Vegetative,1,2,1417.8,47900,45012,45012,898.27,0.023828986,1.064160668,1.578367306,467.48,467.48,298.74,396.68,0.279785583
Vegetative,1,2,1763.4,46994,60218,4615.23,875.98,0.015112654,10.18237444,2.013059659,298.94,298.94,298.74,298.74,0.169411364
Vegetative,1,2,1896.4,40194,79861,764.34,798.34,0.011176385,52.58654525,2.375429015,298.56,298.56,279.78,279.78,0.147532166
Vegetative,1,2,1314,19634,40118,47822,541.61,0.011371508,0.410564175,2.426099961,280.16,280.16,201.92,312.46,0.237792998
Vegetative,1,2,1236.6,29816,49792,53802,865.66,0.019498037,0.554180142,1.428505418,364.9,364.9,201.48,327.26,0.264644994
Vegetative,1,2,1247.6,19816,50955,50836,696.65,0.01273108,0.389802502,1.790856241,308.7,296.9,273.48,234.26,0.187768516
Vegetative,1,2,1222,21511,36908.56,43996.24,498.28,0.014405163,0.488928145,2.452430475,257.75,257.75,185.77,287.46,0.235239935
Vegetative,1,2,1197.7,19023.36,48916.8,48802.56,668.78,0.013261542,0.389802502,1.790856241,296.35,285.02,262.54,224.89,0.187768516
Vegetative,1,2,1053.97,16740.56,43046.78,42946.25,588.53,0.015069934,0.389802502,1.790856241,260.79,250.82,231.04,197.9,0.187768516
Vegetative,2,2,1145.9,37328,54401,54401,918.09,0.028427671,0.686163857,1.248134714,302.5,302.5,244.59,292.16,0.254961166
Vegetative,2,3,749.65,23700,27108,27108,605.52,0.042172685,0.874280655,1.23802682,223.78,223.78,145.28,218.56,0.29154939
Vegetative,2,2,893.45,22766,31995,32344,713.92,0.028519784,0.703870888,1.251470753,323.46,323.46,110.21,293.05,0.327998209
Vegetative,2,2,2341.6,70054,1.22E+05,1.22E+05,1765.3,0.012776371,0.576576132,1.326460092,963.03,963.03,143.74,833.26,0.3558507
Vegetative,2,3,2269.3,73243,1.16E+05,1.16E+05,1369,0.014222708,0.631568509,1.657633309,506.04,506.04,278.54,520.96,0.229568589
Vegetative,2,3,2162.8,83790,1.34E+05,1.34E+05,1477.8,0.017912635,0.627546435,1.463526864,639.42,639.42,264.25,603.31,0.278948585
Vegetative,2,3,2076.3,80438,1.28E+05,1.28E+05,1419,0.018658994,0.627546435,1.463526864,613.84,613.84,253.68,579.18,0.278948585
Vegetative,2,3,1924.9,74573,1.19E+05,1.19E+05,1315,0.020126556,0.627546435,1.463526864,569.08,569.08,235.18,536.95,0.278948585
Vegetative,2,2,857.7,21855,3.07E+04,3.11E+04,685,0.029708108,0.703870888,1.251470753,310.52,310.52,105.8,281.33,0.327998209
Vegetative,2,2,840.6,21418,3.01E+04,3.04E+04,672,0.030314396,0.703870888,1.251470753,304.31,304.31,103.69,275.7,0.327998209
Vegetative,2,2,1065.7,34715,5.06E+04,5.06E+04,854,0.030567388,0.686163857,1.248134714,281.33,281.33,227.47,271.71,0.254961166
Vegetative,2,3,1997,64454,1.02E+05,1.02E+05,1205,0.016162168,0.631568509,1.657633309,266.2,266.2,215.24,257.1,0.128744547
Vegetative,2,3,659.7,20856,2.39E+04,2.39E+04,533,0.047923506,0.874280655,1.23802682,196.93,196.93,127.85,192.33,0.29154939
Vegetative,2,3,923.6,29198,3.34E+04,3.34E+04,746,0.034231076,0.874280655,1.23802682,275.7,275.7,178.98,269.27,0.29154939
Vegetative,2,2,1159.7,37776,5.51E+04,5.51E+04,929,0.028090584,0.686163857,1.248134714,306.13,306.13,247.53,295.67,0.254961166
Vegetative,2,2,904.5,29465,4.29E+04,4.29E+04,725,0.036013569,0.686163857,1.248134714,238.78,238.78,193.07,230.62,0.254961166
Vegetative,2,2,669,17047,2.40E+04,2.42E+04,535,0.038087318,0.703870888,1.251470753,242.21,242.21,82.53,219.44,0.327998209
Vegetative,2,3,1108.3,35038,4.01E+04,4.01E+04,895,0.028525896,0.874280655,1.23802682,330.84,330.84,214.78,323.12,0.29154939
Vegetative,2,3,1030.7,32585,3.73E+04,3.73E+04,833,0.030673007,0.874280655,1.23802682,307.68,307.68,199.75,300.5,0.29154939
Vegetative,2,3,1881.6,72897,1.16E+05,1.16E+05,1286,0.020589235,0.627546435,1.463526864,556.3,556.3,229.9,524.88,0.278948585
Vegetative,2,2,814.8,20763,2.92E+04,2.95E+04,651,0.031271692,0.703870888,1.251470753,284.7,284.7,230.2,274.97,0.337457532
Vegetative,2,2,798.5,20347,2.86E+04,2.89E+04,638,0.03190989,0.703870888,1.251470753,222.07,222.07,179.55,214.48,0.268588648
Vegetative,2,2,1012.4,32979,4.81E+04,4.81E+04,811,0.032176198,0.686163857,1.248134714,225.25,225.25,76.75,204.08,0.201575264
Vegetative,2,2,1897.1,61231,9.66E+04,9.70E+04,1144,0.017012809,0.631568509,1.657633309,307.68,307.68,199.75,300.5,0.158397161
Vegetative,2,3,1047.3,33111,3.79E+04,3.79E+04,846,0.030186134,0.874280655,1.23802682,312.64,312.64,202.97,305.35,0.29154939
Vegetative,2,3,1057.8,33442,3.83E+04,3.83E+04,854,0.029887261,0.874280655,1.23802682,315.77,315.77,205,308.4,0.29154939
Vegetative,2,3,1827.1,70786,1.13E+05,1.13E+05,1248,0.021203403,0.627546435,1.463526864,540.18,540.18,223.24,509.68,0.278948585
Vegetative,2,3,1790.6,69370,1.11E+05,1.11E+05,1223,0.021636125,0.627546435,1.463526864,529.38,529.38,218.77,499.48,0.278948585
Vegetative,2,3,1522,58965,9.40E+04,9.40E+04,1040,0.025454265,0.627546435,1.463526864,449.97,449.97,185.96,424.56,0.278948585
Vegetative,2,3,1324.1,51299,8.17E+04,8.17E+04,905,0.029257776,0.627546435,1.463526864,391.48,391.48,161.78,369.37,0.278948585
Head development,3,4,6075.7,4.05E+05,6.89E+05,6.89E+05,3290.6,0.010966803,0.587783489,1.846380599,893.06,1303.1,705.54,1230,0.202445809
Head development,3,4,2007.8,1.13E+05,1.46E+05,1.46E+05,1431.7,0.027961475,0.77290181,1.402388769,1.13E+05,541.09,318.71,523.52,0.260743102
Head development,3,4,2425,1.35E+05,1.80E+05,1.80E+05,1681.3,0.022907429,0.747309442,1.442336287,696.38,696.38,327.56,667.99,0.275459794
Head development,3,3,969.53,63264,65224,65224,948.06,0.067302957,0.969949712,1.022646246,330.74,330.74,248.57,337.93,0.005181068
Head development,3,4,1511.6,1.11E+05,1.25E+05,1.25E+05,1466.4,0.048592201,0.886537847,1.030823786,774.31,516.73,298.27,566.49,0.374761842
Head development,3,5,4787.7,4.00E+05,6.26E+05,6.26E+05,3034.7,0.017436906,0.638849818,1.577651827,1061.3,1061.3,774.89,1071.8,0.223865322
Head development,3,4,2905.3,1.83E+05,2.54E+05,2.54E+05,1921.4,0.021699447,0.722040446,1.512074529,742.74,742.74,393.92,750.7,0.258389839
Head development,3,6,4956.5,4.39E+05,6.11E+05,6.11E+05,2914.5,0.017869171,0.718889708,1.700634757,899.55,1034.5,746.26,995.78,0.200903864
Head development,3,5,3988.3,3.51E+05,5.17E+05,5.17E+05,2743.7,0.022068286,0.678607331,1.453621023,831.03,967.09,729.36,940.42,0.235794699
Head development,3,4,2774.4,2.00E+05,2.47E+05,2.47E+05,1878,0.02598705,0.809313805,1.477316294,752.46,752.46,379.78,740.98,0.267077566
Head development,3,6,9530.9,5.79E+05,1.20E+06,1.20E+06,4113.7,0.006379375,0.483876086,2.316868026,1161.6,1505.4,990.97,1344.9,0.141109444
Head development,3,6,2373.5,2.08E+05,2.58E+05,2.58E+05,1927.8,0.036842091,0.805800365,1.231196182,719.02,719.02,456.18,689.73,0.290596166
Head development,4,4,7482.1,1.15E+06,1.41E+06,1.41E+06,6293.8,0.020453068,0.810963949,1.188804856,1583.8,3300.2,523.44,3122.3,0.417302629
Head development,4,4,3419.1,3.35E+05,4.04E+05,4.04E+05,2328,0.028698287,0.829763554,1.468685567,722.4,722.4,674.41,742.16,0.21706297
Head development,4,5,7840.3,1.08E+06,1.38E+06,1.38E+06,6276.3,0.017649172,0.784283959,1.249191403,1546.5,3399.5,527.04,3128.8,0.399066362
Head development,4,5,5396.2,8.80E+05,1.12E+06,1.12E+06,4158.2,0.030224279,0.784612642,1.297724977,1405.4,1405.4,918.23,1366.3,0.253196694
Head development,4,3,5670.8,3.80E+05,5.86E+05,5.87E+05,2955,0.011812312,0.647253272,1.919052453,863.09,863.09,708.63,1033.8,0.182302321
Head development,4,2,9556.9,3.14E+05,4.63E+05,4.63E+05,2625.5,0.003438794,0.677948541,3.64003047,957.04,957.04,514.39,1021.3,0.106865197
Head development,4,3,7673.5,1.49E+06,1.80E+06,1.80E+06,5670.4,0.025364028,0.830737568,1.353255502,2112.8,2112.8,1042,2332.3,0.303942139
Head development,4,4,4247.1,4.51E+05,2.95E+05,4.51E+05,2603.4,0.024980793,1.00E+00,1.631366674,754.8,754.8,635.07,870.03,0.204852723
Head development,4,3,3736.8,2.59E+05,3.38E+05,3.38E+05,2161.6,0.01851232,0.764114691,1.728719467,734.56,734.56,578.91,713.02,0.190810319
Head development,4,3,22173,1.87E+06,4.07E+06,4.07E+06,7543.3,0.003803378,0.459705969,2.939429693,2782.5,2438.4,2027.3,783.3,0.035326749
Head development,4,3,5639.6,3.12E+05,4.67E+05,4.67E+05,2534,0.009803148,0.667515896,2.225572218,809.02,809.02,610.47,903.1,0.160135471
Head development,4,3,3195.7,3.22E+05,3.78E+05,3.78E+05,2261.6,0.031499637,0.85035686,1.413026176,726.66,726.66,599.7,761.91,0.238417248
Head development,5,4,7391.5,6.25E+05,1.10E+06,1.10E+06,4080.2,0.011431652,0.567420732,1.811553355,1184.4,1286.3,1017.6,1326.2,0.179422309
Head development,5,4,6523.8,5.18E+05,7.54E+05,7.54E+05,3203.4,0.012173882,0.687535663,2.036523694,1039.9,1039.9,877.49,1106.4,0.169594408
Head development,5,4,9853.2,1.37E+06,2.14E+06,2.14E+06,5869.9,0.014096845,0.63953271,1.678597591,903.12,2252.2,1153.2,2326.2,0.236085739
Head development,5,3,5755.9,4.78E+05,8.38E+05,8.38E+05,3561.4,0.014414864,0.570083083,1.616190262,708.35,1491.4,766.12,1377.2,0.239267534
Head development,5,3,8542.9,2.99E+05,8.11E+05,8.11E+05,3548.7,0.004099004,0.368756472,2.407332263,1334.4,1334.4,706.75,1326,0.155216613
Head development,5,3,10863,6.03E+05,1.35E+06,1.35E+06,4279.9,0.005110217,0.447152603,2.538143415,1237.8,1673.7,993.84,1504.8,0.138525269
Head development,5,3,1538.4,1.37E+05,1.49E+05,1.49E+05,1447.3,0.057701216,0.914545942,1.062944794,530.96,530.96,339.84,533.24,0.346619865
Head development,5,3,13965,1.15E+06,2.17E+06,2.17E+06,5464.3,0.005888077,0.528804974,2.555679593,1843.1,1733.6,1375.8,2276.4,0.163007519
Head development,5,4,7298.2,1.08E+06,1.38E+06,1.38E+06,4668.8,0.020252058,0.782176782,1.563185401,1902.7,1902.7,824.17,1891.5,0.259173495
Head development,5,4,8406.6,1.10E+06,1.47E+06,1.47E+06,4786.8,0.015617455,0.752300457,1.756204563,1914.7,1914.7,851.42,1907,0.226845574
Head development,5,3,7744.3,7.49E+05,1.28E+06,1.28E+06,4387,0.012495043,0.587196364,1.765283793,1152.5,1491.4,1066.4,1502.2,0.193974923
Head development,5,3,10739,8.00E+05,1.74E+06,1.74E+06,5633.9,0.006933382,0.45903898,1.906139619,1309.2,2383.1,844.22,2262,0.210634137
Head development,6,4,3168.8,1.34E+05,2.49E+05,2.49E+05,2388.8,0.013383734,0.540283026,1.326523778,1076.7,1076.7,315.29,996.15,0.314361904
Head development,6,4,5996.5,2.92E+05,6.32E+05,6.32E+05,3365,0.008109736,0.461189309,1.782020802,1334,1334,586.68,1341,0.223630451
Head development,6,4,9957.7,5.63E+05,1.55E+06,1.55E+06,5458.4,0.005680253,0.364502977,1.824289169,2496.3,2555.6,584.37,2387.8,0.23979433
Head development,6,3,3839.5,1.83E+05,3.99E+05,3.99E+05,2515.7,0.012388616,0.457398317,1.526215367,1043.1,1043.1,522.49,919.69,0.239533793
Head development,6,3,5660.8,2.40E+05,6.04E+05,6.04E+05,3028.9,0.007475193,0.396740481,1.868929314,1002.4,1134.7,739.4,999.42,0.176551018
Head development,6,3,15917,2.54E+06,4.05E+06,4.05E+06,7899.3,0.010032726,0.626877451,2.01498867,1199.6,2633.9,2361.6,2515.1,0.158013445
Head development,6,3,16747,2.50E+06,4.08E+06,4.08E+06,7918.9,0.008905663,0.61272201,2.114813926,1311.9,2651.2,2365.4,2510.4,0.149901475
Head development,6,3,8132.7,6.57E+05,9.49E+05,9.49E+05,4766.3,0.009932295,0.692584236,1.706292092,2145,2145,470.07,2230.6,0.274275456
Head development,6,4,6927.9,3.30E+05,7.31E+05,7.31E+05,3205.5,0.006877477,0.451627468,2.161254095,1064.4,1064.4,801.03,1076.9,0.15544393
Head development,6,4,3529.6,3.22E+05,4.35E+05,4.35E+05,2509,0.025857925,0.740228406,1.406775608,945.13,945.13,492.7,941.45,0.266729941
Head development,6,3,6364.8,3.65E+05,7.60E+05,7.60E+05,4787.1,0.009003799,0.479801634,1.329573228,2530.8,2530.8,334.81,2396.8,0.376571141
Head development,6,3,6904.7,4.49E+05,7.35E+05,7.35E+05,3408.5,0.009428025,0.611895395,2.025729793,817.72,1254.9,711.73,1276.3,0.184845106
Head development,7,3,10940,2.07E+06,2.76E+06,2.76E+06,7042.9,0.017283905,0.748353954,1.553337404,1310.4,3094.6,1055.6,3005.7,0.274744059
Head development,7,3,16624,3.41E+06,4.89E+06,4.89E+06,8807.1,0.012333306,0.697270979,1.887567985,2170.7,3766.6,1517.2,3604.9,0.216849134
Head development,7,3,11165,1.36E+06,2.02E+06,2.02E+06,5648.5,0.01093639,0.675502923,1.976630964,956.25,2413.5,1024.6,2320,0.207792208
Head development,7,3,11477,1.40E+06,2.88E+06,2.88E+06,7532.4,0.010604189,0.485,1.52368435,1725.6,3495,932.55,3052.7,0.265984142
Head development,7,3,20190,4.46E+06,6.65E+06,6.65E+06,12506,0.010932054,0.669777858,1.614425076,2800.6,6400.7,1168.8,5783.3,0.286443784
Head development,7,5,24505,4.22E+06,7.83E+06,7.83E+06,12282,0.007025204,0.538801471,4.687619558,2080.5,5645.9,1545.9,5227.6,0.213327892
Head development,7,3,19542,3.01E+06,6.20E+06,6.20E+06,9757.9,0.007872691,0.484966287,1.59110894,2159.5,3590.9,2128.7,3499.4,0.179070719
Head development,7,3,15837,1.71E+06,3.18E+06,3.18E+06,6801.1,0.00682547,0.538451861,2.328593904,1844.5,2216.4,2079.1,2167,0.136831471
Head development,7,2,5822.2,5.91E+05,8.17E+05,8.17E+05,3460.6,0.01742285,0.722906314,1.682425013,1329.1,1329.1,673.45,1331.6,0.228710797
Head development,7,2,13593,1.51E+06,2.83E+06,2.83E+06,6755.7,0.008196151,0.535937998,2.012078689,1816,2807.4,1109.8,2675.2,0.19680718
Head development,7,5,20568,6.03E+06,8.74E+06,8.74E+06,13105,0.014261684,0.690561762,1.569477299,2957,6001.5,1641.8,5653.7,0.274878452
Head development,7,2,10856,1.92E+06,2.80E+06,2.80E+06,6622.3,0.016311883,0.685885543,1.639309605,2041.9,2757.8,1170.6,2742.4,0.252616065
Harvest,8,1,6877,4.82E+05,8.99E+05,8.99E+05,4003.3,0.010193447,0.536299922,1.717832788,1546.9,1546.9,735.73,1564,0.227424749
Harvest,8,2,6428.6,4.76E+05,8.03E+05,8.03E+05,3816.1,0.01152373,0.593378936,1.68459946,762.96,1823.4,505.19,1674.3,0.260445509
Harvest,8,1,6609.5,5.71E+05,8.45E+05,8.45E+05,3.64E+03,0.013077798,0.675970515,1.816844883,1477,1477,616.76,1490.5,0.225508737
Harvest,8,2,7058.7,6.83E+05,1.04E+06,1.04E+06,3.99E+03,0.013713731,0.655308334,1.770428894,863.24,1710.6,739.83,1613,0.228512332
Harvest,8,2,7421.6,6.30E+05,1.09E+06,1.09E+06,3.99E+03,0.011432795,0.578467757,1.862056853,1177.5,1620.5,779.95,1523.9,0.205333082
Harvest,8,2,7106.6,7.22E+05,1.16E+06,1.16E+06,4.23E+03,0.014287054,0.621383052,1.67861867,1220.7,1638.3,907.76,1591.1,0.223890468
Harvest,8,2,6789.1,5.30E+05,9.21E+05,9.21E+05,3.87E+03,0.011508752,0.575954658,1.752975806,1140,1588,666.84,1559.5,0.229706441
Harvest,8,2,6255.8,4.99E+05,8.34E+05,8.34E+05,3.77E+03,0.012763244,0.598578722,1.65914335,1022,1570.6,619.22,1555.8,0.248697209
Harvest,8,2,6517.5,6.67E+05,9.49E+05,9.50E+05,4975.1,0.015713382,0.702570418,1.310023919,1132.2,2664,487.91,2387.8,0.366367472
Harvest,8,2,6240.2,6.86E+05,9.29E+05,9.29E+05,4.96E+03,0.017607558,0.737755014,1.259247301,1119,2659.3,482.93,2392.3,0.383369123
Harvest,8,2,6261.9,1.46E+06,1.57E+06,1.57E+06,5.67E+03,0.037267231,0.930527254,1.104060511,1964.9,2497.1,820.76,2502.7,0.399671026
Harvest,8,1,5588,5.68E+05,8.33E+05,8.33E+05,3.42E+03,0.018174747,0.681051242,1.631771061,1091.7,1091.7,902.81,1141.2,0.204223336
Harvest,8,1,5442.1,4.72E+05,7.41E+05,7.42E+05,3513.6,0.015947217,0.636926355,1.548867259,1242.5,1242.5,672.09,1357.9,0.249517649
Harvest,8,2,7570.7,4.95E+05,8.62E+05,8.65E+05,3587.1,0.008644782,0.573041115,2.110534973,980.49,1246.3,813.75,1271.7,0.167976541
Harvest,8,1,7695.8,4.68E+05,8.68E+05,8.68E+05,3.57E+03,0.007903543,0.539417127,2.153816014,1214.8,1214.8,849.76,1289.2,0.167519946
Harvest,8,2,6311,3.37E+05,7.54E+05,7.54E+05,3.32E+03,0.008471274,0.4474267,1.89821638,1001.7,1344.9,806.85,1193.8,0.189161781
Harvest,8,2,6468.8,6.32E+05,8.85E+05,8.85E+05,4.96E+03,0.015092947,0.713840068,1.304798596,1069.2,2688.3,438.03,2425.5,0.374953624
Harvest,8,1,14800,1.51E+06,2.51E+06,2.51E+06,5977.8,0.006895088,0.601234076,2.475827227,1945.7,1945.7,1314,2096.4,0.141648649
Harvest,8,2,10386,5.34E+05,1.15E+06,1.15E+06,4.10E+03,0.004948224,0.462690707,2.535458829,1779.9,778.73,1100.6,1572.1,0.151367225
Harvest,8,2,7.33E+03,8.37E+05,1.24E+06,1.24E+06,4281.2,0.015586262,0.673064244,1.711786415,1202,1623.5,910.08,1573,0.214641468
Harvest,9,3,13899,5.39E+06,6.87E+06,6.87E+06,10559,0.027885074,0.784062295,1.316317833,2.14E+03,4.29E+03,2.04E+03,4.09E+03,0.293985179
Harvest,9,4,17649,6.52E+06,8.54E+06,8.55E+06,11398,0.020930555,0.762160835,1.548429549,2.05E+03,3.87E+03,2.57E+03,4.04E+03,0.229100799
Harvest,9,3,20418,2.53E+06,4.40E+06,4.41E+06,8396.4,0.006076834,0.575066963,2.431756467,1.52E+03,3.23E+03,1.65E+03,3.24E+03,0.158463121
Harvest,9,3,14754,4.58E+06,6.06E+06,6.06E+06,9245.3,0.021022093,0.755718131,1.595837885,2.93E+03,3.03E+03,2.41E+03,3.00E+03,0.203056798
Harvest,9,4,14640,4.03E+06,4.96E+06,4.99E+06,8339.3,0.018807015,0.807391087,1.755543031,6.58E+02,2.86E+03,2.05E+03,2.97E+03,0.202622951
Harvest,9,3,17557,2.82E+06,4.70E+06,4.70E+06,8461.9,0.00913744,0.598690643,2.07482953,1.51E+03,3.43E+03,1.64E+03,3.22E+03,0.183624765
Harvest,9,7,32051,5.35E+06,1.02E+07,1.02E+07,12463,0.005207801,0.523207824,2.571692209,2.79E+03,4.58E+03,2.49E+03,4.78E+03,0.149265234
Harvest,9,5,23018,6.84E+06,1.03E+07,1.03E+07,12513,0.012903614,0.666865002,1.839526892,2.76E+03,5.05E+03,2.54E+03,4831.2,0.209887914
Harvest,9,7,30242,3.53E+06,6.51E+06,6.51E+06,9448,0.003864075,0.542957227,3.200889077,1.74E+03,2.90E+03,2.72E+03,3.01E+03,0.099477548
Harvest,9,3,21027,2.74E+06,4.88E+06,4.90E+06,8487.4,0.006193813,0.558763518,2.477437142,1.79E+03,2.66E+03,2.15E+03,2.73E+03,0.12997099
Harvest,9,4,13059,1.50E+06,2.22E+06,2.22E+06,5830.7,0.008800411,0.675427543,2.239696777,1.39E+03,2.17E+03,1.25E+03,2.16E+03,0.165740103
Harvest,9,2,15687,3.58E+06,4.80E+06,4.81E+06,8237.5,0.01456791,0.745999376,1.904339909,2.58E+03,2.89E+03,1.89E+03,2.92E+03,0.185873653
Harvest,9,3,16531,2.54E+06,3.81E+06,3.81E+06,7598.1,0.00929214,0.666657916,2.175675498,1.53E+03,2.74E+03,1.68E+03,2.71E+03,0.164152199
Harvest,9,3,20270,2.63E+06,5.18E+06,5.18E+06,8898,0.006395408,0.50691591,2.278040009,2.17E+03,2.75E+03,2.19E+03,2.90E+03,0.143167242
Harvest,9,3,15358,2.12E+06,3.78E+06,3.78E+06,8164.4,0.008998247,0.560843485,1.881093528,1701.6,3.34E+03,1.47E+03,3.22E+03,0.209825498
Harvest,9,3,17560,3.79E+06,5.76E+06,5.76E+06,9479.7,0.012274869,0.656627865,1.852379295,2300.5,3.54E+03,1.93E+03,3.51E+03,0.200039863
Harvest,9,5,26652,4.45E+06,7.44E+06,7.44E+06,10081,0.006262027,0.597862903,2.643785339,1.92E+03,3.39E+03,2.77E+03,3.50E+03,0.131187153
Harvest,9,5,16751,1.88E+06,3.57E+06,3.57E+06,7493.1,0.006710716,0.527436206,2.235523348,2.19E+03,2.80E+03,1.74E+03,2.59E+03,0.154337055
Harvest,9,8,37800,5.52E+06,9.60E+06,9.60E+06,11879,0.003862224,0.574616298,3.182086034,2.17E+03,4.50E+03,2.40E+03,4.52E+03,0.119690476
Harvest,9,2,9913.8,1.31E+06,2.07E+06,2.08E+06,5766.4,0.013359322,0.632374898,1.719235572,1.38E+03,2.14E+03,1.19E+03,2.17E+03,0.218715326
Harvest,10,5,24283,3.52E+06,5.96E+06,5.96E+06,10008,0.005974249,0.590806178,2.426358913,1609.4,4242.3,1705.3,4128.8,0.170028415
Harvest,10,5,19741,3.23E+06,5.44E+06,5.45E+06,8683.6,0.008275959,0.592160103,2.273365885,1309.4,2676.9,2200.2,2876.1,0.145691708
Harvest,10,4,24096,3.03E+06,4.98E+06,5.00E+06,8946.4,0.005211179,0.604644192,2.693373871,1752,3460.9,1590.2,3443.6,0.142911687
Harvest,10,5,17376,7.00E+06,9.13E+06,9.13E+06,11273,0.023187186,0.76663126,1.541382063,3490.4,3812.9,2837.3,3943.3,0.000563264
Harvest,10,4,24825,5.62E+06,7.92E+06,7.93E+06,10536,0.009126686,0.709424348,2.356207289,1876.9,3221.9,2708.7,3474.1,0.139943605
Harvest,10,6,30862,7.50E+06,1.08E+07,1.08E+07,12467,0.007878731,0.694833333,2.475495308,2481.4,4446,2807,4479.7,0.145152615
Harvest,10,5,25853,3.60E+06,6.72E+06,6.72E+06,10491,0.005386925,0.535454032,2.464302736,3013.5,4025.8,1536.6,4153.4,0.16065447
Harvest,10,7,26913,8.31E+06,1.26E+07,1.26E+07,13670,0.011473409,0.657824745,1.968763716,2705.1,5116.9,2721.1,5073,0.188496266
Harvest,10,5,23162,4.41E+06,7.54E+06,7.54E+06,10100,0.008221396,0.585208577,2.293267327,3208,2543.7,1905.6,3369.6,0.145479665
Harvest,10,4,21183,3.83E+06,6.79E+06,6.79E+06,10052,0.008546319,0.565102708,2.107341823,1763.9,3494.7,2177,3599.9,0.169942879
Harvest,10,5,15129,3.37E+06,4.65E+06,4.65E+06,8171.5,0.014712523,0.724723454,1.851434865,2321.6,3030,1743.3,2961.9,0.195776324
Harvest,10,4,20372,3.33E+06,5.20E+06,5.20E+06,8694,0.008032656,0.641219465,2.343225213,2574.8,2647.2,2040.3,2970.7,0.000891112
Harvest,10,5,17877,4.96E+06,6.29E+06,6.29E+06,9210.9,0.015515331,0.788001589,1.940852685,3052.8,2779.5,2584.9,2915.5,0.143113096
Harvest,10,4,19453,5.36E+06,7.17E+06,7.17E+06,10156,0.051921416,0.746907296,1.915419456,2738.6,3169.9,2655.3,3371.3,0.331951556
Harvest,10,4,26131,5.61E+06,8.18E+06,8.19E+06,11053,0.008216989,0.685489487,2.364154528,1745.6,4139.1,2168.5,4204.6,0.160904673
Harvest,10,5,21283,2.68E+06,5.39E+06,5.39E+06,8761.2,4.29E-05,0.00361157,2.429233438,2234.8,2912.5,2081.6,3024.8,0.142122821
Harvest,10,4,12277,1.56E+06,2.56E+06,2.56E+06,6238.6,0.000173369,0.010203038,1.967909467,1346.5,2123.2,1383.9,2320.8,0.18903641
Harvest,10,4,16744,4.69E+06,6.22E+06,6.22E+06,12628,7.59E-05,0.003422805,1.32594235,3387.5,6350.3,1194,6096.1,0.364076684
Harvest,10,4,12780,1.78E+06,3.18E+06,3.18E+06,6950.7,7.52E-05,0.003866041,1.838663732,1273.2,2321.6,1879.6,2436.3,0.190633803
Harvest,10,8,18562,1.93E+06,4.18E+06,4.18E+06,7993.1,4.86E-05,0.004006604,2.322252943,1264,2847,1805.9,2665.7,0.143610602
